name,file_name
강경윤,0000.jpg
강균성,0001.jpg
강기둥,0002.jpg
강기영,0003.jpg
강동원,0004.jpg
강민,0005.jpg
강민혁,0006.jpg
강성규,0008.jpg
강승식,0009.jpg
강승윤,0010.jpg
강승화,0011.jpg
강인,0012.jpg
강준규,0014.jpg
강타,0015.jpg
강태주,0016.jpg
강형석,0017.jpg
강희,0020.jpg
경호,0021.jpg
고닥,0022.jpg
고덕원,0023.jpg
고민성,0024.jpg
고세원,0025.jpg
고수,0026.jpg
고요한,0027.jpg
고찬빈,0029.jpg
공명,0031.jpg
공찬,0032.jpg
곽병준,0033.jpg
곽윤기,0034.jpg
구경모,0035.jpg
구교환,0036.jpg
구성윤,0037.jpg
구성환,0038.jpg
구스범스,0039.jpg
구자철,0040.jpg
구준회,0041.jpg
권경원,0042.jpg
권수현,0044.jpg
권율,0045.jpg
권재관,0046.jpg
권지용,0047.jpg
권창훈,0048.jpg
권현빈,0049.jpg
규현,0050.jpg
그레이,0051.jpg
기성용,0052.jpg
기안84,0053.jpg
기현,0054.jpg
김건우,0057.jpg
김기무,0060.jpg
김남일,0061.jpg
김대희,0062.jpg
김동성,0063.jpg
김동욱,0064.jpg
김동혁,0065.jpg
김래원,0066.jpg
김리현,0067.jpg
김명민,0068.jpg
김문환,0069.jpg
김민기,0070.jpg
김민석,0071.jpg
김민우,0072.jpg
김민종,0073.jpg
김민철,0074.jpg
김병만,0075.jpg
김상헌,0076.jpg
김상혁,0077.jpg
김서경,0078.jpg
김서하,0079.jpg
김석훈,0080.jpg
김성규,0081.jpg
김성균,0082.jpg
김성원,0083.jpg
김성주,0084.jpg
김성철,0085.jpg
김성현,0086.jpg
김승규,0088.jpg
김승혁,0090.jpg
김여운,0091.jpg
김영빈,0092.jpg
김영재,0093.jpg
김영철,0094.jpg
김영훈,0095.jpg
김용준,0097.jpg
김우빈,0098.jpg
김욱,0099.jpg
김원준,0100.jpg
김인권,0103.jpg
김인성,0104.jpg
김재범,0105.jpg
김재승,0106.jpg
김재영,0107.jpg
김재원,0108.jpg
김재중,0109.jpg
김재철,0110.jpg
김재환,0111.jpg
김정태,0113.jpg
김종완,0115.jpg
김종훈,0116.jpg
김준수,0117.jpg
김준현,0118.jpg
김준호,0119.jpg
김지현,0120.jpg
김진건,0121.jpg
김진우,0123.jpg
김진욱,0124.jpg
김진현,0125.jpg
김진환,0126.jpg
김철민,0127.jpg
김태용,0128.jpg
김태우,0129.jpg
김태현,0130.jpg
김태환,0131.jpg
김택,0132.jpg
김하성,0133.jpg
김현수,0134.jpg
김현우,0135.jpg
김현철,0136.jpg
김혜성,0137.jpg
김희찬,0138.jpg
김희철,0139.jpg
나상호,0140.jpg
나성호,0141.jpg
나인우,0142.jpg
나재영,0143.jpg
나준,0144.jpg
나현우,0145.jpg
남궁민,0146.jpg
남시훈,0147.jpg
남창희,0148.jpg
노마,0149.jpg
노상보,0150.jpg
노홍철,0151.jpg
닉쿤,0152.jpg
대니초,0153.jpg
대성,0154.jpg
데프콘,0155.jpg
도경수,0156.jpg
도경완,0157.jpg
도상우,0158.jpg
도운,0159.jpg
도한세,0160.jpg
동건,0161.jpg
동하,0162.jpg
동해,0163.jpg
디아크,0164.jpg
라도,0165.jpg
라비,0166.jpg
려욱,0167.jpg
로꼬,0168.jpg
로이킴,0169.jpg
루시드폴,0170.jpg
류근지,0171.jpg
류담,0172.jpg
류승호,0173.jpg
류준열,0174.jpg
류진,0175.jpg
리노,0176.jpg
마일로,0177.jpg
문동혁,0178.jpg
문세윤,0179.jpg
문희준,0180.jpg
민성,0181.jpg
민수,0182.jpg
민준기,0183.jpg
민혁,0184.jpg
민호,0185.jpg
민희,0186.jpg
바로,0187.jpg
바비,0188.jpg
박건우,0189.jpg
박광현,0190.jpg
박대원,0191.jpg
박민우,0193.jpg
박병은,0194.jpg
박병호,0195.jpg
박보검,0196.jpg
박상남,0197.jpg
박서준,0198.jpg
박선호,0199.jpg
박성광,0200.jpg
박성웅,0201.jpg
박성진,0202.jpg
박성진,0203.jpg
박성현,0204.jpg
박성훈,0205.jpg
박영진,0206.jpg
박은석,0207.jpg
박인욱,0208.jpg
박재범,0209.jpg
박종훈,0211.jpg
박지성,0213.jpg
박진영,0214.jpg
박진우,0215.jpg
박진호,0216.jpg
박치국,0218.jpg
박태민,0219.jpg
박태인,0220.jpg
박태환,0221.jpg
박해민,0222.jpg
박해수,0223.jpg
박해준,0224.jpg
박형식,0226.jpg
박호영,0227.jpg
방찬,0228.jpg
배성우,0229.jpg
배유람,0230.jpg
배정남,0231.jpg
배현성,0232.jpg
백성현,0233.jpg
백재우,0234.jpg
백현,0235.jpg
버나드박,0236.jpg
변요한,0237.jpg
붐,0238.jpg
브라더수,0239.jpg
브이원,0240.jpg
비와이,0241.jpg
비쥬,0242.jpg
산들,0244.jpg
상도,0245.jpg
상원,0246.jpg
샘김,0247.jpg
샵건,0248.jpg
서강준,0249.jpg
서영수,0250.jpg
서은광,0251.jpg
서이서,0252.jpg
서인국,0253.jpg
서장훈,0254.jpg
서지후,0255.jpg
성근창,0257.jpg
성민,0258.jpg
성시백,0259.jpg
변성태,0260.jpg
세림,0261.jpg
세훈,0262.jpg
셔누,0263.jpg
손상연,0264.jpg
손아섭,0266.jpg
손준호,0267.jpg
손준호,0268.jpg
손태진,0269.jpg
손흥민,0271.jpg
송강,0272.jpg
송대남,0273.jpg
송민호,0274.jpg
송윤형,0276.jpg
송일국,0277.jpg
송재림,0278.jpg
송종호,0279.jpg
송창의,0280.jpg
수호,0281.jpg
스윙스,0282.jpg
승민,0283.jpg
승환,0284.jpg
신성록,0286.jpg
신우,0287.jpg
신윤섭,0288.jpg
신재평,0289.jpg
신재하,0290.jpg
신재휘,0291.jpg
신주환,0292.jpg
신지용,0293.jpg
신하균,0294.jpg
신현빈,0295.jpg
신현승,0296.jpg
심상민,0297.jpg
심현보,0298.jpg
싸이,0299.jpg
쌈디,0300.jpg
아이엔,0301.jpg
아이엠,0302.jpg
안보현,0303.jpg
안세하,0304.jpg
안우연,0305.jpg
안재현,0306.jpg
안재형,0307.jpg
안재홍,0308.jpg
안치홍,0309.jpg
앨런,0310.jpg
양세찬,0311.jpg
양세형,0312.jpg
양의지,0313.jpg
양재웅,0314.jpg
양현종,0315.jpg
어글리덕,0316.jpg
엄기준,0317.jpg
엄세웅,0318.jpg
에디킴,0319.jpg
엘로,0320.jpg
엠케이,0321.jpg
여인혁,0322.jpg
연정훈,0323.jpg
연제형,0324.jpg
염기훈,0325.jpg
영케이,0326.jpg
영탁,0327.jpg
예성,0328.jpg
오동민,0331.jpg
오민석,0332.jpg
오상진,0333.jpg
오승석,0334.jpg
오존,0335.jpg
오지환,0336.jpg
오진혁,0337.jpg
오타니료헤이,0338.jpg
오혁,0339.jpg
오현중,0340.jpg
옥택연,0341.jpg
와이엇,0342.jpg
우도환,0343.jpg
우빈,0344.jpg
우원재,0345.jpg
우지현,0346.jpg
원빈,0348.jpg
원진,0349.jpg
원필,0350.jpg
웨건,0351.jpg
윈두재,0352.jpg
유,0353.jpg
유겸,0355.jpg
유민상,0356.jpg
유상무,0357.jpg
유세윤,0358.jpg
유수빈,0359.jpg
유승호,0360.jpg
유아인,0361.jpg
유재석,0362.jpg
유재환,0363.jpg
유지태,0365.jpg
유태오,0366.jpg
유회승,0369.jpg
유희제,0371.jpg
육성재,0372.jpg
윤빛가람,0373.jpg
윤석민,0375.jpg
윤석철,0376.jpg
윤성,0377.jpg
윤종빈,0378.jpg
윤종훈,0379.jpg
윤현민,0380.jpg
은지원,0381.jpg
은혁,0382.jpg
이가섭,0383.jpg
이규현,0384.jpg
이기우,0385.jpg
이기찬,0386.jpg
이기택,0387.jpg
이던,0388.jpg
이동건,0389.jpg
이동경,0390.jpg
이동국,0391.jpg
이동준,0392.jpg
이동휘,0393.jpg
이민구,0394.jpg
이민석,0395.jpg
이상곤,0398.jpg
이상윤,0400.jpg
이상준,0401.jpg
이서준,0402.jpg
이석훈,0403.jpg
이성우,0404.jpg
이성욱,0405.jpg
이세진,0406.jpg
이세한,0407.jpg
이션,0408.jpg
이수근,0409.jpg
이수혁,0410.jpg
이승준,0411.jpg
이승훈,0412.jpg
이시언,0413.jpg
이영재,0414.jpg
이영표,0415.jpg
이완,0416.jpg
이용진,0417.jpg
이용찬,0418.jpg
이운산,0419.jpg
이운재,0420.jpg
이원일,0421.jpg
이유진,0422.jpg
이인우,0423.jpg
이장우,0424.jpg
이장원,0425.jpg
이재성,0427.jpg
이재욱,0428.jpg
이재원,0429.jpg
이재원,0430.jpg
이재홍,0431.jpg
이재훈,0432.jpg
이정,0433.jpg
이정수,0434.jpg
이정식,0435.jpg
이정재,0436.jpg
이정준,0437.jpg
이정하,0438.jpg
이정혁,0439.jpg
이정협,0440.jpg
이정훈,0441.jpg
이종혁,0442.jpg
이주안,0443.jpg
이주용,0444.jpg
이준기,0445.jpg
이준호,0446.jpg
이진우,0447.jpg
이진욱,0448.jpg
이진호,0449.jpg
이찬솔,0450.jpg
이찬원,0451.jpg
이찬형,0452.jpg
이창근,0453.jpg
이천희,0454.jpg
이철우,0455.jpg
이청용,0456.jpg
이충주,0457.jpg
이태선,0458.jpg
이현균,0459.jpg
이현식,0460.jpg
이현욱,0461.jpg
이홍기,0462.jpg
이희준,0463.jpg
임기영,0464.jpg
임동건,0465.jpg
임세준,0466.jpg
임영웅,0467.jpg
임주환,0468.jpg
임찬규,0469.jpg
임현수,0470.jpg
임현제,0471.jpg
임형빈,0472.jpg
임효준,0473.jpg
장기영,0474.jpg
장기용,0475.jpg
장기하,0476.jpg
장동건,0477.jpg
장동민,0478.jpg
장동주,0479.jpg
장민호,0480.jpg
장서원,0481.jpg
장성규,0482.jpg
장세원,0483.jpg
장우영,0484.jpg
장인태,0485.jpg
장혁,0486.jpg
재윤,0488.jpg
재희,0489.jpg
적재,0490.jpg
전동석,0491.jpg
전우성,0492.jpg
전현무,0493.jpg
정건주,0494.jpg
정경호,0495.jpg
정명훈,0496.jpg
정모,0497.jpg
정문성,0498.jpg
정상훈,0499.jpg
정석원,0500.jpg
정성일,0501.jpg
정성호,0502.jpg
정세운,0503.jpg
정수빈,0504.jpg
정승현,0505.jpg
정승환,0506.jpg
정용화,0507.jpg
정우,0508.jpg
정우람,0509.jpg
정우성,0510.jpg
정욱진,0511.jpg
정윤석,0512.jpg
정윤호,0513.jpg
정의제,0514.jpg
정일우,0515.jpg
정재오,0516.jpg
정재호,0518.jpg
정정호,0519.jpg
정지환,0520.jpg
정지훈,0521.jpg
정진운,0523.jpg
정찬성,0524.jpg
정찬성,0525.jpg
정찬우,0526.jpg
정찬헌,0527.jpg
정태우,0528.jpg
정해인,0529.jpg
정혁,0530.jpg
정형돈,0531.jpg
정희태,0532.jpg
제로,0533.jpg
제롬,0534.jpg
제이,0535.jpg
제이쓴,0536.jpg
제이어스,0537.jpg
제이유,0538.jpg
조민호,0539.jpg
조병규,0540.jpg
조복래,0541.jpg
조성원,0542.jpg
조승우,0544.jpg
조연호,0545.jpg
조우종,0546.jpg
조우진,0547.jpg
조윤호,0548.jpg
조인성,0549.jpg
조정석,0550.jpg
조준호,0551.jpg
조진웅,0553.jpg
조태관,0554.jpg
조한선,0555.jpg
조한철,0556.jpg
조혁준,0557.jpg
조현승,0558.jpg
조현우,0559.jpg
주상욱,0560.jpg
주세종,0561.jpg
주영,0562.jpg
주우재,0563.jpg
주헌,0564.jpg
준케이,0565.jpg
지성,0567.jpg
지수,0568.jpg
지창욱,0569.jpg
지현준,0570.jpg
진영,0571.jpg
진종오,0572.jpg
진호,0573.jpg
차두리,0574.jpg
차래현,0575.jpg
차서원,0576.jpg
차우찬,0578.jpg
차차말론,0579.jpg
차태현,0580.jpg
차훈,0581.jpg
찬,0582.jpg
찬열,0583.jpg
창빈,0584.jpg
창섭,0585.jpg
채상우,0586.jpg
채종협,0587.jpg
천진호,0588.jpg
첸,0589.jpg
최강창민,0590.jpg
최광호,0591.jpg
최규성,0592.jpg
최다니엘,0593.jpg
최병찬,0595.jpg
최성민,0596.jpg
최시원,0597.jpg
최영래,0598.jpg
최우성,0599.jpg
최원영,0600.jpg
최정,0601.jpg
최철순,0602.jpg
최충연,0603.jpg
추영우,0604.jpg
치훈,0605.jpg
카이,0606.jpg
카일,0607.jpg
케이윌,0608.jpg
코드쿤스트,0609.jpg
코지훈,0610.jpg
크러쉬,0611.jpg
키,0612.jpg
탑,0613.jpg
태양,0614.jpg
태영,0615.jpg
태원석,0616.jpg
태은,0617.jpg
태항호,0618.jpg
토니안,0619.jpg
퍼센트,0620.jpg
펀치넬로,0621.jpg
펌킨,0622.jpg
페노메코,0623.jpg
펠릭스,0624.jpg
하석진,0625.jpg
한,0626.jpg
한도우,0627.jpg
한석준,0628.jpg
한승규,0629.jpg
한승우,0630.jpg
한지상,0631.jpg
함덕주,0632.jpg
허각,0633.jpg
허경환,0634.jpg
허원서,0635.jpg
허찬,0637.jpg
허형규,0638.jpg
현경,0639.jpg
현빈,0640.jpg
현우석,0641.jpg
현주엽,0642.jpg
현진,0643.jpg
형원,0644.jpg
형준,0645.jpg
호준,0646.jpg
홍경,0647.jpg
홍기준,0648.jpg
홍대광,0649.jpg
홍인규,0650.jpg
홍종현,0651.jpg
황대헌,0652.jpg
황인엽,0653.jpg
황제성,0655.jpg
황준영,0656.jpg
효진,0657.jpg
효진,0658.jpg
후이,0659.jpg
강다빈,0701.jpg
강덕중,0702.jpg
강상원,0703.jpg
강서준,0704.jpg
강석철,0705.jpg
강승완,0706.jpg
강신하,0707.jpg
강영석,0708.jpg
강유석,0709.jpg
강윤제,0710.jpg
강은탁,0711.jpg
강인형,0712.jpg
강지섭,0713.jpg
강태오,0714.jpg
강현우,0715.jpg
강형석,0716.jpg
경성환,0717.jpg
고규필,0718.jpg
고영빈,0720.jpg
고윤,0721.jpg
고태진,0722.jpg
공유,0723.jpg
곽시양,0724.jpg
곽희성,0725.jpg
곽희주 배우,0726.jpg
광수 가수,0727.jpg
구자성,0728.jpg
권동원,0729.jpg
권상우,0730.jpg
권혁수,0731.jpg
권혁종,0732.jpg
기태영,0733.jpg
김강우,0734.jpg
김강현,0735.jpg
김결,0736.jpg
김경남,0737.jpg
김권,0738.jpg
김남길,0739.jpg
김남우,0740.jpg
김대명,0741.jpg
김도건,0742.jpg
김도완,0743.jpg
김동영,0744.jpg
김동완,0745.jpg
김동현,0746.jpg
김동희,0747.jpg
김모범,0748.jpg
김무열,0749.jpg
김민교,0750.jpg
류주한,0751.jpg
마동석,0752.jpg
맹세창,0753.jpg
문용석,0754.jpg
문유강,0755.jpg
문종원,0756.jpg
문지후,0757.jpg
문진승,0758.jpg
박상욱,0761.jpg
박정민,0762.jpg
박종찬,0763.jpg
박지빈,0764.jpg
박지홍,0765.jpg
박지훈,0766.jpg
박천국,0767.jpg
박해일,0768.jpg
박해진,0769.jpg
박희순,0770.jpg
